ID,OPO,Fase,Semester,Studiepunten,Project,Examen,Gelijktijdig volgen,Bachelor verbredend ingenieurswetenschappen,Bachelor verbredend informatica,Verplicht,Gedistribueerde systemen,Veilige software,Artificiele intelligentie,Software engineering,Mens-machine communicatie,Computationele informatica,Verdere optie,Masterproef,AVO,Maximum overlap: 3
H04G1B,Besturingssystemen,1,1,3,0.0,3.0,,1,0,0,0,0,0,0,0,0,0,0,0,1
H04H5B,Studie van declaratieve talen,1,1,4,1.0,3.0,,1,0,0,0,0,0,0,0,0,0,0,0,1
H04J9B,Ontwerp van softwaresystemen,1,1,6,5.0,1.0,,1,0,0,0,0,0,0,0,0,0,0,0,1
H04H0B,Fundamenten voor de computerwetenschappen,1,2,5,1.5,3.5,,1,0,0,0,0,0,0,0,0,0,0,0,1
H01F2A,Bedrijfskunde & Entrepreneurship,1,1,6,0.0,6.0,,0,1,0,0,0,0,0,0,0,0,0,0,1
G0Q57A,Modellering en simulatie,1,1,6,1.2,4.8,,0,1,0,0,0,0,0,0,0,0,0,0,1
H01L1A,Digitale elektronica en processoren,1,2,6,0.6,5.4,,0,1,0,0,0,0,0,0,0,0,0,0,1
H04I4A,Gedistribueerde systemen,1,1,6,1.5,4.5,,0,0,1,0,0,0,0,0,0,0,0,0,1
H04I4A,Gedistribueerde systemen,1,1,6,3.0,3.0,,0,0,1,0,0,0,0,0,0,0,0,0,1
G0B23A,Modellering van complexe systemen,1,1,6,1.5,4.5,,0,0,1,0,0,0,0,0,0,0,0,0,1
H04L5A,Vergelijkende studie van imperatieve programmeertalen,2,1,6,1.5,4.5,,0,0,1,0,0,0,0,0,0,0,0,0,1
H09B5B,Software architectuur,1,2,4,3.0,1.0,,0,0,1,0,0,0,0,0,0,0,0,0,1
H02H4A,Multi-Agent Systems,1,2,4,2.0,2.0,,0,0,0,1,0,0,0,0,0,0,0,0,1
H04I0A,Internet Infrastructure,2,2,5,0.0,5.0,,0,0,0,1,2,0,0,0,0,0,0,0,2
G0K31B,Gedistribueerde software architecturen: verdiepende studie,2,2,4,2.0,2.0,,0,0,0,1,2,0,2,0,0,0,0,0,3
H04L2A,Software for Real-time and Embedded Systems,3,1,4,2.5,1.5,,0,0,0,2,2,0,2,0,0,0,0,0,3
H0A12A,Geavanceerde methodes voor software architectuur,2,1,4,0.8,3.2,,0,0,0,2,2,0,1,0,0,0,0,0,3
H04G4A,Security of Network and Computer Infrastructure,2,2,4,0.8,3.2,,0,0,0,2,1,0,0,0,0,0,0,0,2
H04G7A,Capita Selecta Computer Science: Distributed Systems,2,3,4,4.0,0.0,,0,0,0,2,0,0,0,0,0,0,0,0,1
H04K5A,Development of Secure Software,1,1,4,1.0,3.0,,0,0,0,0,1,0,0,0,0,0,0,0,1
H05M8B,Capita Selecta Computer Science: Secure Software,2,3,6,6.0,0.0,H04K5A H04G4A,0,0,0,0,1,0,0,0,0,0,0,0,1
G0K32A,Vereistenanalyse voor complexe softwaresystemen,3,1,3,2.5,0.5,,0,0,0,0,2,0,1,0,0,0,0,0,2
H04H8B,Formal Systems and their Applications,3,1,6,1.5,4.5,,0,0,0,0,2,0,2,0,0,0,0,0,2
H05D9A,Cryptografie en netwerkbeveiliging,2,2,3,0.5,2.6,,0,0,0,0,2,0,0,0,0,0,0,0,1
H02C1A,Machine Learning and Inductive Inference,3,1,4,0.0,4.0,,0,0,0,0,0,1,0,0,0,0,0,0,1
H02A8A,Advanced Programming Languages for A.I.,3,2,4,3.0,1.0,,0,0,0,0,0,1,0,0,0,0,0,0,1
H05N0A,Capita Selecta Computer Science: Artificial Intelligence,3,3,4,4.0,0.0,H02C1A H02A8A,0,0,0,0,0,1,0,0,0,0,0,0,1
H02D1A,Genetic Algorithms and Evolutionary Computing,3,1,4,0.5,3.5,,0,0,0,0,0,2,0,0,2,0,0,0,2
H02D2A,Uncertainty in Artificial Intelligence,3,1,4,0.5,3.5,,0,0,0,0,0,2,0,0,0,0,0,0,1
G0B34B,Knowledge and the Web,3,1,6,6.0,0.0,,0,0,0,0,0,2,0,0,0,0,0,0,1
H02C3A,Knowledge Representation,3,2,4,0.0,4.0,,0,0,0,0,0,2,0,0,0,0,0,0,1
H02C6A,Data Mining,3,2,4,0.0,4.0,,0,0,0,0,0,2,0,0,0,0,0,0,1
H02C8B,Text based Information Retrieval,3,2,6,2.0,4.0,,0,0,0,0,0,2,0,0,0,0,0,0,1
H0T25A,Machine Learning: Project,3,2,3,3.0,0.0,H02C1A�,0,0,0,0,0,2,0,0,0,0,0,0,1
H02A6A,Speech Recognition,3,1,4,0.0,4.0,,0,0,0,0,0,2,0,0,0,0,0,0,1
H02B1A,Natural Language Processing,3,1,4,0.0,4.0,,0,0,0,0,0,2,0,0,0,0,0,0,1
H02A4A,Robotics,3,2,4,4.0,0.0,,0,0,0,0,0,2,0,0,0,0,0,0,1
H02A5A,Computer Vision,3,2,4,4.0,0.0,,0,0,0,0,0,2,0,2,0,0,0,0,2
G0Q63B,Complexiteitstheorie,3,2,6,1.8,4.2,,0,0,0,0,0,2,0,0,1,0,0,0,2
G0L15B,Capita selecta van de software engineering,3,3,4,4.0,0.0,,0,0,0,0,0,0,1,0,0,0,0,0,1
H04K5A,Development of Secure Software,3,1,4,1.0,3.0,,0,0,0,0,0,0,2,0,0,0,0,0,1
H02H4A,Multi-Agent Systems,3,2,4,2.0,2.0,,0,0,0,0,0,2,2,0,0,0,0,0,2
G0Q66C,Fundamenten van Computergrafiek,1,1,3,0.0,3.0,,0,0,0,0,0,0,0,1,0,0,0,0,1
G0Q55A,Fundamenten van Mens-machine interactie,3,1,6,6.0,0.0,,0,0,0,0,0,0,0,1,0,0,0,0,1
H05N2A,"Capita selecta, mens machine communicatie en multimedia",2,3,4,4.0,0.0,G0Q55A G0Q66C,0,0,0,0,0,0,0,1,0,0,0,0,1
G0B36A,Computergrafiek 2,3,2,4,1.2,2.8,G0Q66C H07Z5A,0,0,0,0,0,0,0,2,0,0,0,0,1
H09J2A,Pattern Recognition and Image Interpretation,3,2,6,0.0,6.0,,0,0,0,0,0,0,0,2,0,0,0,0,1
H04I2A,Informatie visualisatie,3,2,4,4.0,0.0,G0Q55A,0,0,0,0,0,0,0,2,0,0,0,0,1
H07Z5A,Computergrafiek: project,3,2,3,3.0,0.0,G0Q66C,0,0,0,0,0,0,0,2,0,0,0,0,1
H03F9A,Parallel Computing,3,1,4,0.0,4.0,,0,0,0,0,0,0,0,0,1,0,0,0,1
H03F0B,Technisch-wetenschappelijke software,3,1,5,4.0,1.0,,0,0,0,0,0,0,0,0,1,0,0,0,1
H01G1A,Computergesteund probleemoplossen,3,1,3,0.9,2.1,,0,0,0,0,0,0,0,0,2,0,0,0,1
H03F7A,Wavelets with Applications in Signal and Image Processing,3,1,6,5.0,1.0,,0,0,0,0,0,0,0,0,2,0,0,0,1
H05U5A,Capita selecta ingenieurswetenschappen I.1. (Athens / Summer Course),1,1,3,3.0,0.0,,0,0,0,0,0,0,0,0,0,1,0,0,1
H05U6A,Capita selecta ingenieurswetenschappen I.2. (Athens / Summer Course),1,2,3,3.0,0.0,,0,0,0,0,0,0,0,0,0,1,0,0,1
H04G9B,Compilerconstructie,3,1,5,1.3,3.8,,0,0,0,0,0,0,0,0,0,1,0,0,1
H04I9A,Industri�le stage: Computerwetenschappen / Industrial Internship: Computer Science,2,1,6,6.0,0.0,,0,0,0,0,0,0,0,0,0,1,0,0,1
H04K9A,Capita selecta ingenieurswetenschappen II.1. (Athens / Summer Course),2,1,3,3.0,0.0,,0,0,0,0,0,0,0,0,0,1,0,0,1
H05U7A,Capita selecta ingenieurswetenschappen II.2. (Athens / Summer Course),2,2,3,3.0,0.0,,0,0,0,0,0,0,0,0,0,1,0,0,1
H04J4A,Masterproef,2,3,24,24.0,0.0,,0,0,0,0,0,0,0,0,0,0,1,0,1
H09P4A,Engineering & Entrepreneurship,3,2,6,,6.0,,0,0,0,0,0,0,0,0,0,0,0,1,1
H04X2A,Project Management,2,2,3,2.0,1.0,,0,0,0,0,0,0,0,0,0,0,0,1,1
H00K1A,Engineering Economy,3,1,3,0.0,3.0,,0,0,0,0,0,0,0,0,0,0,0,1,1
H04G0A,Bedrijfservaring: Computerwetenschappen / Industrial Experience: Computer Science,3,1,3,3.0,0.0,,0,0,0,0,0,0,0,0,0,0,0,1,1
S0E06A,Interdisciplinary Perspectives on Development and Cultures,3,1,4,4.0,0.0,,0,0,0,0,0,0,0,0,0,0,0,1,1
D0H36A,Innovation Management and Strategy,3,1,6,2.4,3.6,,0,0,0,0,0,0,0,0,0,0,0,1,1
W0EN7A,Philosophy of Technology,3,1,4,4.0,0.0,,0,0,0,0,0,0,0,0,0,0,0,1,1
H00K2A,Management and Information Technology,3,1,3,1.5,1.5,,0,0,0,0,0,0,0,0,0,0,0,1,1
W0Q19A,Philosophy of Science / Natural Philosophy: Advanced Course,3,1,6,3.3,2.7,,0,0,0,0,0,0,0,0,0,0,0,1,1
W0T14A,Wetenschapsfilosofie / natuurfilosofie: verdiepende cursus,3,1,6,3.3,2.7,,0,0,0,0,0,0,0,0,0,0,0,1,1
G0O00A,Statistische modellen & data-analyse,3,2,6,1.0,5.0,,0,0,0,0,0,0,0,0,0,0,0,1,1
D0I69A,ICT Service Management,3,2,6,0.0,6.0,,0,0,0,0,0,0,0,0,0,0,0,1,1
H04D8A,Expressievaardigheid in de technische bedrijfsomgeving,3,2,3,3.0,0.0,,0,0,0,0,0,0,0,0,0,0,0,1,1
H04E0A,Plichtenleer van de ingenieur,3,2,3,0.0,3.0,,0,0,0,0,0,0,0,0,0,0,0,1,1
G0B01A,Intellectual Property Management,3,2,4,4.0,0.0,,0,0,0,0,0,0,0,0,0,0,0,1,1
G0B01A,Intellectual Property Management,3,2,4,0.0,4.0,,0,0,0,0,0,0,0,0,0,0,0,1,1
P00H0A,Psychologie m.i.v. psychologie van de waarneming,3,2,3,0.0,3.0,,0,0,0,0,0,0,0,0,0,0,0,1,1
H04M8A,Interdisciplinair college duurzame ontwikkeling,3,2,3,0.0,3.0,,0,0,0,0,0,0,0,0,0,0,0,1,1
G0B16A,Robust Statistics,3,2,6,1.0,5.0,,0,0,0,0,0,0,0,0,0,0,0,1,1
G0B68A,Experimental Design,3,2,4,1.0,3.0,,0,0,0,0,0,0,0,0,0,0,0,1,1
G0K34A,Geschiedenis van de informatica,3,2,4,1.0,3.0,,0,0,0,0,0,0,0,0,0,0,0,1,1
C07I6A,ICT-recht,3,2,4,0.0,4.0,,0,0,0,0,0,0,0,0,0,0,0,1,1
P0P93A,Organizational Decision Making and Change,3,2,4,4.0,0.0,,0,0,0,0,0,0,0,0,0,0,0,1,1
G0U12B,Historical and Social Aspects of Physics,3,2,3,0.0,3.0,,0,0,0,0,0,0,0,0,0,0,0,1,1
G0R44A,Science Communication & Outreach,3,2,6,6.0,0.0,,0,0,0,0,0,0,0,0,0,0,0,1,1
W0AH4A,Studium generale: mens- en wereldbeelden,3,2,4,4.0,0.0,,0,0,0,0,0,0,0,0,0,0,0,1,1
H0T39A,Entrepreneurship in de praktijk / in practice,3,2,3,3.0,0.0,,0,0,0,0,0,0,0,0,0,0,0,1,1
H0T91A,Entrepreneurship in practice / service-learning,3,2,6,6.0,0.0,,0,0,0,0,0,0,0,0,0,0,0,1,1
W0AE0A,Lessen voor de 21ste eeuw,3,3,4,4.0,0.0,,0,0,0,0,0,0,0,0,0,0,0,1,1
S0B88A,Genderstudies,3,3,4,4.0,0.0,,0,0,0,0,0,0,0,0,0,0,0,1,1
H04B3A,Engels in de bedrijfsomgeving,3,3,3,3.0,0.0,,0,0,0,0,0,0,0,0,0,0,0,1,1
H04B4A,Frans in de bedrijfsomgeving,3,3,3,3.0,0.0,,0,0,0,0,0,0,0,0,0,0,0,1,1
